date,sp500,ffr,mp_exp,btc,btc_ret
2014-09-21,2010.4,0.09,-0.0060728744939271,398.8210144042969,
2014-09-28,1982.85,0.09,0.0328467153284671,377.1809997558594,-0.055787553104948984
2014-10-05,1967.9,0.084,0.04,320.510009765625,-0.16281167009642683
2014-10-12,1906.13,0.088,0.0367647058823529,378.54901123046875,0.16643204496296704
2014-10-19,1886.76,0.09,0.0369318181818181,389.5459899902344,0.02863638021591175
2014-10-26,1964.58,0.09,-0.0034129692832764,354.7040100097656,-0.093698265698273
2014-11-02,2018.05,0.086,0.0173160173160173,325.8919982910156,-0.08471763418062661
2014-11-09,2031.92,0.092,0.0290237467018469,363.2640075683594,0.10856383060076791
2014-11-16,2039.82,0.09,-0.0079365079365079,387.8819885253906,0.06557127658241502
2014-11-23,2063.5,0.102,-0.0094786729857819,367.572998046875,-0.053779207005306695
2014-11-30,2067.56,0.095,0.003003003003003,378.0469970703125,0.02809658569608864
2014-12-07,2075.37,0.122,-0.0073170731707317,375.0950012207031,-0.00783918829033059
2014-12-14,2002.33,0.12,-0.0026737967914438,351.6319885253906,-0.0645941889232402
2014-12-21,2070.65,0.124,0.0148698884758364,320.8429870605469,-0.0916332749709019
2014-12-28,2088.77,0.13,-0.0393258426966292,317.239013671875,-0.01129639046153219
2015-01-04,2058.2,0.11,-0.0298507462686567,264.19500732421875,-0.18296798154383875
2015-01-11,2044.81,0.12,-0.0049751243781094,265.6600036621094,0.0055298149141611574
2015-01-18,2019.42,0.122,0.0028735632183908,210.33900451660156,-0.23349677314323536
2015-01-25,2051.82,0.12,0.0615835777126099,253.71800231933594,0.18750288682460603
2015-02-01,1994.99,0.104,0.0067720090293453,226.9720001220703,-0.1113967607770654
2015-02-08,2055.47,0.116,-0.0209580838323353,223.41200256347656,-0.01580905041805103
2015-02-15,2096.99,0.12,0.0,234.8249969482422,0.04982293090913803
2015-02-22,2110.3,0.12,0.0055096418732782,235.9770050048828,0.004893820973688179
2015-03-01,2104.5,0.1,0.0026315789473684,260.2019958496094,0.09772387263491122
2015-03-08,2071.26,0.116,-0.01187648456057,274.35400390625,0.052961021059558355
2015-03-15,2053.4,0.114,0.0054249547920434,286.39300537109375,0.04294575464843575
2015-03-22,2108.1,0.118,0.0263671875,267.9599914550781,-0.06652732845002074
2015-03-29,2061.02,0.116,-0.0012853470437017,242.71299743652344,-0.09895801894410905
2015-04-05,2066.96,0.108,0.0068493150684931,260.5979919433594,0.07109929434107709
2015-04-12,2102.06,0.122,-0.0014326647564469,236.1529998779297,-0.0984990596137525
2015-04-19,2081.18,0.13,0.0027548209366391,222.60000610351562,-0.05910343327383405
2015-04-26,2117.69,0.13,-0.0070546737213403,219.42999267578125,-0.014343224591257808
2015-05-03,2108.29,0.12,0.0011820330969267,240.35800170898438,0.09109624401982153
2015-05-10,2116.1,0.13,0.0102639296187683,240.29600524902344,-0.00025796710068881623
2015-05-17,2122.73,0.13,-0.0066115702479338,236.802001953125,-0.01464716142047262
2015-05-24,2126.06,0.124,0.00418410041841,240.9530029296875,0.01737754871544528
2015-05-31,2107.39,0.11,0.0031298904538341,230.19000244140625,-0.04569684041976796
2015-06-07,2092.83,0.126,0.0039630118890356,222.88099670410156,-0.032267083510695294
2015-06-14,2094.11,0.13,-0.0032626427406199,233.54299926757812,0.046728229241073116
2015-06-21,2109.99,0.136,-0.0135970333745364,243.94400024414062,0.04357248056214047
2015-06-28,2101.49,0.13,-0.0095238095238095,249.01100158691406,0.020558386812390417
2015-07-05,2076.78,0.122,0.0066006600660066,271.9129943847656,0.08798506297146869
2015-07-12,2076.62,0.13,0.0028694404591104,310.86700439453125,0.1338830405728677
2015-07-19,2126.64,0.132,-0.0053191489361702,273.614013671875,-0.12764677811531122
2015-07-26,2079.65,0.132,-0.0136363636363636,292.6860046386719,0.06738197386166878
2015-08-02,2103.84,0.128,-0.0045454545454545,282.614013671875,-0.035018320473631626
2015-08-09,2077.57,0.14,-0.0128440366972477,265.0830078125,-0.06403904341965383
2015-08-16,2091.54,0.146,-0.032258064516129,258.5069885253906,-0.025120285468530845
2015-08-23,1970.89,0.15,-0.0141287284144427,228.16900634765625,-0.12483611822677876
2015-08-30,1988.87,0.144,0.0086206896551724,228.76100158691406,0.002591187097418235
2015-09-06,1921.22,0.128,-0.0075642965204236,239.83999633789062,0.04729422171716191
2015-09-13,1961.05,0.14,0.0081135902636916,230.51199340820312,-0.03966912586253102
2015-09-20,1958.03,0.14,0.0011764705882352,231.21200561523438,0.00303216962878583
2015-09-27,1931.34,0.138,-0.0054945054945054,232.7570037841797,0.006659944299393317
2015-10-04,1951.36,0.118,-0.0076335877862595,238.25900268554688,0.023363321387374292
2015-10-11,2014.89,0.13,-0.0266666666666666,247.0500030517578,0.03623242910621194
2015-10-18,2033.11,0.13,0.003683241252302,261.64300537109375,0.05739024204772836
2015-10-25,2075.15,0.126,0.0252100840336134,283.67999267578125,0.08086581681502114
2015-11-01,2079.36,0.11,-0.0059970014992503,325.4309997558594,0.1373036403530259
2015-11-08,2099.2,0.12,-0.0444810543657331,373.3680114746094,0.13741410232530793
2015-11-15,2023.04,0.12,-0.0103270223752151,320.1659851074219,-0.15372499441131016
2015-11-22,2089.17,0.124,-0.0017605633802816,324.5360107421875,0.013556938224132509
2015-11-29,2090.11,0.12,0.0111111111111111,371.29400634765625,0.1345977157102416
2015-12-06,2091.69,0.12,-0.0277777777777777,388.7829895019531,0.04602710163948309
2015-12-13,2012.37,0.136,-0.0049916805324459,433.7550048828125,0.10945854948104206
2015-12-20,2005.55,0.238,-0.0231053604436229,442.68499755859375,0.020378580829092385
2015-12-27,2060.99,0.36,0.0092879256965944,422.822998046875,-0.04590480351792969
2016-01-03,2043.94,0.3175,0.0,430.010986328125,0.01685711082112462
2016-01-10,1922.03,0.36,-0.0143626570915619,447.9909973144531,0.04096237897132049
2016-01-17,1880.33,0.36,-0.0233009708737864,382.29901123046875,-0.15857008260454464
2016-01-24,1906.9,0.37,0.0234541577825159,402.97100830078125,0.05266156533031463
2016-01-31,1940.24,0.362,0.015625,368.7669982910156,-0.08869961600662979
2016-02-07,1880.05,0.38,0.0304878048780487,376.6199951171875,0.0210717049406961
2016-02-14,1864.78,0.38,-0.0073529411764705,407.2300109863281,0.07814145477837986
2016-02-21,1917.78,0.3775,0.0121107266435986,438.7980041503906,0.07466101659304147
2016-02-28,1948.05,0.376,-0.0181818181818181,433.5039978027344,-0.012138161634382527
2016-03-06,1999.99,0.35,0.0084175084175084,407.7070007324219,-0.06135223736808548
2016-03-13,2022.19,0.36,0.0018181818181818,414.06500244140625,0.015474191266831028
2016-03-20,2049.58,0.368,0.0239680426098535,413.7550048828125,-0.0007489492168382128
2016-03-27,2035.94,0.37,-0.0255474452554744,426.7650146484375,0.030959521754458486
2016-04-03,2072.78,0.346,-0.0100143061516452,420.90399169921875,-0.013828785311025271
2016-04-10,2047.6,0.37,-0.0170731707317073,421.5639953613281,0.0015668341284662546
2016-04-17,2080.73,0.37,-0.0341614906832298,427.39898681640625,0.01374637872409945
2016-04-24,2091.58,0.37,0.0216450216450216,458.55499267578125,0.07036225260182238
2016-05-01,2065.3,0.356,-0.0465631929046563,451.875,-0.014674631996408394
2016-05-08,2057.14,0.37,-0.0143540669856459,458.5480041503906,0.014659391559042056
2016-05-15,2046.61,0.37,-0.0207468879668049,457.5679931640625,-0.0021394918613539815
2016-05-22,2052.32,0.37,-0.0901287553648068,439.322998046875,-0.04069059142433051
2016-05-29,2099.06,0.37,-0.0455311973018549,526.2329711914062,0.1805091245054724
2016-06-05,2099.13,0.35,-0.069023569023569,574.9769897460938,0.08858599647187582
2016-06-12,2096.07,0.37,-0.0186335403726708,672.7839965820312,0.15709429991904766
2016-06-19,2071.22,0.374,-0.0170357751277683,763.781005859375,0.1268567844488775
2016-06-26,2037.41,0.386,0.0017667844522968,629.3670043945312,-0.193566547179997
2016-07-03,2102.95,0.388,0.0127118644067796,658.6640014648438,0.045498983920810865
2016-07-10,2129.9,0.4,0.0017889087656529,649.3599853515625,-0.014226303377823157
2016-07-17,2161.74,0.4,0.0125448028673835,679.458984375,0.04530963039569169
2016-07-24,2175.03,0.4,0.0047846889952153,661.2849731445312,-0.027111999072904958
2016-07-31,2173.6,0.38,0.0306122448979591,624.6810302734375,-0.056943703317219985
2016-08-07,2182.87,0.4,0.0277777777777777,592.6900024414062,-0.05256966707152255
2016-08-14,2184.05,0.4,-0.0231481481481481,570.4730224609375,-0.038205620180260524
2016-08-21,2183.87,0.4,-0.0619834710743801,581.3079833984375,0.01881482766220266
2016-08-28,2169.04,0.4,-0.0391566265060241,573.9119873046875,-0.012804655969456569
2016-09-04,2179.98,0.38,-0.0754716981132075,608.6339721679688,0.058741003754350984
2016-09-11,2127.81,0.4,-0.0571428571428571,606.718994140625,-0.0031513143345156536
2016-09-18,2139.16,0.4,-0.0049261083743842,609.8740234375,0.00518667512344706
2016-09-25,2164.69,0.4,0.0049279757391963,600.8259887695312,-0.014947060430126946
2016-10-02,2168.27,0.378,-0.0701754385964912,610.8920288085938,0.016614874840914062
2016-10-09,2153.74,0.4,-0.015625,616.7520141601562,0.009546789873223105
2016-10-16,2132.98,0.41,-0.0224719101123595,641.6309814453125,0.03954632200684216
2016-10-23,2141.16,0.41,0.0236220472440944,657.0709838867188,0.023778711918668982
2016-10-30,2126.41,0.41,-0.0212765957446808,701.864013671875,0.06594761744896793
2016-11-06,2085.18,0.39,-0.0391061452513966,711.52197265625,0.013666626669281534
2016-11-13,2164.45,0.41,-0.0119760479041916,702.031005859375,-0.013428728270947765
2016-11-20,2181.9,0.41,-0.0303030303030303,731.0260009765625,0.040471457227313934
2016-11-27,2213.35,0.41,-0.0898876404494382,732.0349731445312,0.0013792621712536146
2016-12-04,2191.95,0.39,-0.06,773.8720092773438,0.055578206885186
2016-12-11,2259.53,0.41,-0.0704225352112676,769.7310180664062,-0.005365370592750551
2016-12-18,2258.07,0.51,-0.0501930501930501,790.530029296875,0.026662517021054377
2016-12-25,2263.79,0.66,0.0,896.1829833984375,0.1254409710139015
2017-01-01,2238.83,0.6325,0.0,998.3250122070312,0.10793427216145979
2017-01-08,2276.98,0.66,-0.0620689655172413,911.198974609375,-0.09131760001531308
2017-01-15,2274.64,0.66,-0.0714285714285714,821.7979736328125,-0.10326669613395989
2017-01-22,2271.31,0.66,-0.0192307692307692,924.6729736328125,0.11794554230369947
2017-01-29,2294.69,0.66,0.0,919.4959716796875,-0.00561446993835979
2017-02-05,2297.42,0.64,-0.0348837209302325,1027.3399658203125,0.1109025201687075
2017-02-12,2316.1,0.66,-0.0144927536231884,999.1810302734375,-0.027792209496820597
2017-02-19,2351.16,0.66,-0.0795454545454545,1047.8699951171875,0.047578833008735444
2017-02-26,2367.34,0.66,-0.0843373493975903,1165.199951171875,0.10613317645452547
2017-03-05,2383.12,0.642,-0.21,1267.1199951171875,0.08385390072077303
2017-03-12,2372.6,0.66,-0.0232558139534883,1221.3800048828125,-0.03676523389997932
2017-03-19,2378.25,0.76,-0.1130434782608695,1036.739990234375,-0.16390020586717835
2017-03-26,2343.98,0.91,-0.0735294117647058,966.7249755859375,-0.06992239907457165
2017-04-02,2362.72,0.892,-0.146067415730337,1102.1700439453125,0.13112223760068353
2017-04-09,2355.54,0.91,-0.0689655172413793,1187.8699951171875,0.07488077955531747
2017-04-16,2328.95,0.91,0.0294117647058823,1182.93994140625,-0.004158967567371441
2017-04-23,2348.69,0.91,0.0,1207.2099609375,0.02030906404561339
2017-04-30,2384.2,0.894,-0.0208333333333333,1347.8900146484375,0.11022853794318443
2017-05-07,2399.29,0.91,-0.0238095238095238,1596.7099609375,0.1694048201425522
2017-05-14,2390.9,0.91,0.0,1808.9100341796875,0.12477923503012178
2017-05-21,2381.73,0.91,-0.0444444444444444,2041.199951171875,0.12081337345946785
2017-05-28,2415.82,0.91,-0.0380952380952381,2155.800048828125,0.054624060728650115
2017-06-04,2439.07,0.89,0.0101010101010101,2511.81005859375,0.15284172511491612
2017-06-11,2431.77,0.91,-0.0149253731343283,2958.110107421875,0.16354695507028616
2017-06-18,2433.15,1.01,-0.1153846153846153,2548.2900390625,-0.1491280258811596
2017-06-25,2438.3,1.16,-0.0588235294117647,2589.409912109375,0.016007455272037063
2017-07-02,2423.41,1.14,0.0,2506.469970703125,-0.032554639510741445
2017-07-09,2425.18,1.16,-0.0761904761904762,2518.43994140625,0.004764261868918318
2017-07-16,2459.27,1.16,-0.0087719298245614,1929.8199462890625,-0.2662129324626905
2017-07-23,2472.54,1.16,-0.0204081632653061,2730.39990234375,0.34702137635746855
2017-07-30,2472.1,1.16,-0.018018018018018,2757.179931640625,0.00976031063007543
2017-08-06,2476.83,1.142,-0.0138888888888888,3213.93994140625,0.15328918710970907
2017-08-13,2441.32,1.16,0.0,4073.260009765625,0.23694608345358859
2017-08-20,2425.55,1.16,-0.0206185567010309,4087.659912109375,0.003528993649258183
2017-08-27,2443.05,1.16,0.0153846153846153,4382.8798828125,0.06973335812973502
2017-09-03,2476.55,1.142,0.0,4582.9599609375,0.04463905324154638
2017-09-10,2461.43,1.16,-0.0212765957446808,4122.93994140625,-0.10577858216106861
2017-09-17,2500.23,1.16,0.0,3582.8798828125,-0.14039957333016595
2017-09-24,2502.22,1.16,0.0,3682.840087890625,0.027517303971899665
2017-10-01,2519.36,1.14,-0.04,4403.740234375,0.17877001556194116
2017-10-08,2549.33,1.16,0.0,4610.47998046875,0.04587773572647613
2017-10-15,2553.17,1.16,-0.032258064516129,5678.18994140625,0.2083005408315497
2017-10-22,2575.21,1.16,0.0,6008.419921875,0.056529296148202235
2017-10-29,2581.07,1.16,0.0,6153.85009765625,0.023916112274452672
2017-11-05,2587.84,1.142,0.0,7407.41015625,0.18540295355610859
2017-11-12,2582.3,1.16,0.0,5950.06982421875,-0.2190779169858903
2017-11-19,2578.85,1.16,0.0,8036.490234375,0.30058949521585987
2017-11-26,2602.42,1.16,0.0,9330.5498046875,0.1493014919467175
2017-12-03,2642.22,1.142,0.0,11323.2001953125,0.19355979377418642
2017-12-10,2651.5,1.16,0.0,15455.400390625,0.31110474652695075
2017-12-17,2675.81,1.264,0.0,19140.80078125,0.21386374113524376
2017-12-24,2683.34,1.42,0.0,13925.7998046875,-0.3180790024841933
2017-12-31,2673.61,1.3975,0.0,14156.400390625,0.016423625480923576
2018-01-07,2743.15,1.42,-0.1343283582089552,16477.599609375,0.1518350128545194
2018-01-14,2786.24,1.42,0.0,13772.0,-0.17936431362542926
2018-01-21,2810.3,1.42,0.0,11600.099609375,-0.17162386038573985
2018-01-28,2872.87,1.42,-0.106060606060606,11786.2998046875,0.015924138358482054
2018-02-04,2762.13,1.404,-0.0222222222222222,8277.009765625,-0.35345605969566485
2018-02-11,2619.55,1.42,-0.0298507462686567,8129.97021484375,-0.0179245038111997
2018-02-18,2732.22,1.42,-0.0444444444444444,10551.7998046875,0.26073918303051613
2018-02-25,2747.3,1.42,-0.125,9664.73046875,-0.08781321805250286
2018-03-04,2691.25,1.406,0.0,11512.599609375,0.1749588289039572
2018-03-11,2786.57,1.42,-0.0202020202020202,9578.6298828125,-0.18390749056503886
2018-03-18,2752.01,1.424,-0.0471698113207547,8223.6796875,-0.1525168038091671
2018-03-25,2588.26,1.534,-0.1884057971014492,8495.7802734375,0.03255184236088482
2018-04-01,2640.87,1.678,-0.1379310344827586,6844.22998046875,-0.21616364312089154
2018-04-08,2604.47,1.688,-0.0087719298245614,7023.52001953125,0.025858560958809562
2018-04-15,2656.3,1.69,-0.0169491525423728,8329.1103515625,0.17049213029373433
2018-04-22,2670.14,1.692,0.0,8802.4599609375,0.055274573493020895
2018-04-29,2669.91,1.7,-0.0169491525423728,9419.080078125,0.06770620413411343
2018-05-06,2663.42,1.698,-0.010752688172043,9654.7998046875,0.024717753211142224
2018-05-13,2727.72,1.7,-0.0158730158730158,8723.9404296875,-0.1013841607902588
2018-05-20,2712.97,1.7,-0.0588235294117647,8513.25,-0.024447246669051736
2018-05-27,2721.33,1.7,0.04,7368.22021484375,-0.14444758680694392
2018-06-03,2734.62,1.7,0.0,7720.25,0.04667056041756368
2018-06-10,2779.03,1.7,0.0,6786.02001953125,-0.1289821304518597
2018-06-17,2779.66,1.78,-0.0825688073394495,6499.27001953125,-0.043174750572733345
2018-06-24,2754.88,1.914,-0.1379310344827586,6173.22998046875,-0.051467667322388166
2018-07-01,2718.37,1.914,-0.0101010101010101,6385.81982421875,0.03385768112515386
2018-07-08,2759.82,1.91,-0.07,6773.8798828125,0.05899414243669732
2018-07-15,2801.31,1.91,-0.0113636363636363,6359.64013671875,-0.06310222867264415
2018-07-22,2801.83,1.91,-0.0421052631578947,7418.490234375,0.15400377054549352
2018-07-29,2818.82,1.91,-0.0461538461538461,8218.4599609375,0.10240727481161827
2018-08-05,2840.35,1.91,0.0,7068.47998046875,-0.15073737772820195
2018-08-12,2833.28,1.91,0.0,6322.68994140625,-0.111500719856231
2018-08-19,2850.13,1.914,-0.0714285714285714,6506.06982421875,0.028590819027401793
2018-08-26,2874.69,1.92,-0.0224719101123595,6707.259765625,0.030454926617323963
2018-09-02,2901.52,1.918,-0.0769230769230769,7272.72021484375,0.08093990452438327
2018-09-09,2871.68,1.92,0.0,6300.85986328125,-0.1434442810968477
2018-09-16,2904.98,1.92,0.0,6517.18017578125,0.03375568369217241
2018-09-23,2929.67,1.92,-0.0120481927710843,6710.6298828125,0.02925102481872166
2018-09-30,2913.98,2.03,-0.0721649484536082,6625.56005859375,-0.012757913384652042
2018-10-07,2885.57,2.18,-0.029126213592233,6602.9501953125,-0.003418356997718419
2018-10-14,2767.13,2.18,-0.0133333333333333,6290.93017578125,-0.048407606986566876
2018-10-21,2767.78,2.186,-0.0396039603960396,6482.35009765625,0.02997417254576895
2018-10-28,2658.69,2.198,0.0845070422535211,6486.39013671875,0.0006230426579865167
2018-11-04,2723.06,2.198,0.0,6376.1298828125,-0.01714484480535816
2018-11-11,2781.01,2.198,-0.0294117647058823,6411.27001953125,0.005496070419782839
2018-11-18,2736.27,2.2,-0.0166666666666666,5623.5400390625,-0.13109601648854152
2018-11-25,2632.56,2.2,0.0169491525423728,4009.969970703125,-0.3381776131030776
2018-12-02,2760.17,2.2,0.0116279069767441,4139.8779296875,0.031882549132060234
2018-12-09,2633.08,2.196,-0.01,3614.234375,-0.13578625978796488
2018-12-16,2599.95,2.192,-0.0337078651685393,3252.839111328125,-0.10535185431640315
2018-12-23,2416.62,2.28,-0.1123595505617977,3998.980224609375,0.20651119705310883
2018-12-30,2485.74,2.4,0.0,3865.95263671875,-0.033831255294177964
2019-01-06,2531.94,2.4,0.0434782608695652,4076.632568359375,0.05306316725983784
2019-01-13,2596.26,2.4,0.0,3552.953125,-0.1374921728585985
2019-01-20,2670.71,2.4,0.0099009900990099,3601.013671875,0.013436257472362101
2019-01-27,2664.76,2.4,-0.0263157894736842,3583.9658203125,-0.0047454230239054596
2019-02-03,2706.53,2.4,0.0158730158730158,3464.013427734375,-0.034042091264632646
2019-02-10,2707.88,2.4,0.0555555555555555,3690.188232421875,0.06324960118842426
2019-02-17,2775.6,2.4,0.0,3673.836181640625,-0.004441071006262121
2019-02-24,2792.67,2.4,0.0,3810.427490234375,0.03650498776409705
2019-03-03,2803.69,2.4,-0.0317460317460317,3847.17578125,0.009597930793114884
2019-03-10,2743.07,2.4,-0.0350877192982456,3951.599853515625,0.026781207319759304
2019-03-17,2822.48,2.4,0.0,4025.22900390625,0.018461281513936
2019-03-24,2800.71,2.406,0.0,4022.168212890625,-0.0007606909615027746
2019-03-31,2834.4,2.41,0.0365853658536585,4105.404296875,0.020483113269206044
2019-04-07,2892.74,2.41,0.0,5198.89697265625,0.2361422555034025
2019-04-14,2907.41,2.41,-0.0181818181818181,5167.72216796875,-0.006014477476377067
2019-04-21,2905.03,2.422,0.0,5314.53125,0.02801280914624371
2019-04-28,2939.88,2.44,0.0344827586206896,5285.13916015625,-0.005545863982518995
2019-05-05,2945.64,2.432,-0.0067114093959731,5795.70849609375,0.09221877908303178
2019-05-12,2881.4,2.39,0.0103092783505154,6972.37158203125,0.1848376933562612
2019-05-19,2859.53,2.388,0.0,8197.689453125,0.16189691798507866
2019-05-26,2826.06,2.384,-0.0364963503649635,8673.2158203125,0.05638729499657913
2019-06-02,2752.06,2.3925,0.0441176470588235,8742.9580078125,0.008008941685831772
2019-06-09,2873.34,2.376,0.02088772845953,7688.0771484375,-0.1285778707036478
2019-06-16,2886.98,2.368,0.0111111111111111,8994.48828125,0.15694127000614877
2019-06-23,2950.46,2.374,0.0238970588235294,10855.37109375,0.1880480126405164
2019-06-30,2941.76,2.384,0.0178217821782178,10817.1552734375,-0.003526664060633067
2019-07-07,2990.41,2.405,0.0165484633569739,11450.8466796875,0.056930347970524764
2019-07-14,3013.77,2.402,0.0169230769230769,10256.05859375,-0.11019505980948274
2019-07-21,2976.61,2.408,0.0380549682875264,10599.10546875,0.03290099453529827
2019-07-28,3025.86,2.4,0.0365535248041775,9552.8603515625,-0.1039289849163243
2019-08-04,2932.05,2.294,-0.0035778175313059,10970.1845703125,0.13834047625118018
2019-08-11,2918.65,2.124,0.0357142857142857,11523.5791015625,0.049214193763100766
2019-08-18,2888.68,2.124,0.0955882352941176,10345.810546875,-0.10781363322749193
2019-08-25,2847.11,2.124,-0.0442477876106194,10138.517578125,-0.020239867662649402
2019-09-01,2926.46,2.122,-0.0526315789473684,9757.970703125,-0.038257332979348746
2019-09-08,2978.71,2.1275,0.0,10441.2763671875,0.06768237333019655
2019-09-15,3007.39,2.132,-0.048076923076923,10347.712890625,-0.009001313833893576
2019-09-22,2992.07,2.12,0.0349650349650349,10070.392578125,-0.02716582765255815
2019-09-29,2961.79,1.876,0.0144927536231884,8104.185546875,-0.21721902848929453
2019-10-06,2952.01,1.856,0.0,7988.15576171875,-0.014420747571861625
2019-10-13,2970.27,1.82,0.0256410256410256,8321.005859375,0.040823229257714644
2019-10-20,2986.2,1.875,0.0,8222.078125,-0.011960153708669097
2019-10-27,3022.55,1.846,0.0,9551.71484375,0.14989771278684572
2019-11-03,3066.91,1.724,0.0463917525773195,9235.3544921875,-0.03368170452204389
2019-11-10,3093.08,1.554,0.0,9055.5263671875,-0.01966377899131011
2019-11-17,3120.46,1.55,-0.0176470588235294,8577.9755859375,-0.054177279684658686
2019-11-24,3110.29,1.55,0.0125786163522012,7047.9169921875,-0.1964658288997878
2019-12-01,3140.98,1.5525,0.0673076923076923,7424.29248046875,0.052025280257149475
2019-12-08,3145.91,1.552,-0.0206896551724137,7564.34521484375,0.018688397623437325
2019-12-15,3168.8,1.55,0.036036036036036,7152.3017578125,-0.056011559877145345
2019-12-22,3221.22,1.552,0.0137931034482758,7511.5888671875,0.049012781199074595
2019-12-29,3240.02,1.55,-0.073170731707317,7422.65283203125,-0.011910492452967603
2020-01-05,3234.85,1.55,0.0454545454545454,7411.3173828125,-0.0015283098537963724
2020-01-12,3265.35,1.548,0.0272727272727272,8192.494140625,0.10021017841715363
2020-01-19,3329.62,1.542,0.0135135135135135,8706.2451171875,0.060822211327414166
2020-01-26,3295.47,1.55,0.0,8596.830078125,-0.012647057961348906
2020-02-02,3225.52,1.568,0.1072961373390558,9344.365234375,0.08337997316035306
2020-02-09,3327.71,1.588,0.008130081300813,10116.673828125,0.07941142381938526
2020-02-16,3380.16,1.58,0.0294117647058823,9934.43359375,-0.01817807354350265
2020-02-23,3337.75,1.5875,0.005050505050505,9924.515625,-0.0009988413249200079
2020-03-01,2954.22,1.58,0.0585585585585585,8562.4541015625,-0.147621178683357
2020-03-08,2972.37,1.29,0.0685714285714285,8108.1162109375,-0.05452128181208238
2020-03-15,2711.02,1.094,0.0938775510204081,5392.31494140625,-0.4078907804416563
2020-03-22,2304.92,0.22,0.0099502487562189,5830.2548828125,0.07808593766678307
2020-03-29,2541.47,0.114,0.044776119402985,5922.04296875,0.015620766851034418
2020-04-05,2488.65,0.066,0.0096774193548387,6791.12939453125,0.13693577433937243
2020-04-12,2789.82,0.05,0.0807017543859649,6971.091796875,0.026154595035650985
2020-04-19,2874.56,0.05,0.0451977401129943,7189.4248046875,0.03083931437316423
2020-04-26,2836.74,0.048,0.012539184952978,7679.8671875,0.06599108453099589
2020-05-03,2830.71,0.044,0.0149253731343283,8897.46875,0.1471645724577293
2020-05-10,2929.8,0.05,0.0378378378378378,8756.4306640625,-0.015978462699308693
2020-05-17,2863.7,0.05,0.0387096774193548,9670.7392578125,0.09931639165349893
2020-05-24,2955.45,0.05,0.0047619047619047,8790.3681640625,-0.09544815988652466
2020-05-31,3044.31,0.05,0.0633484162895927,9461.05859375,0.07352768364977891
2020-06-07,3193.93,0.06,0.0136054421768707,9758.8525390625,0.03099054690341596
2020-06-14,3041.31,0.076,0.0106951871657754,9386.7880859375,-0.03887164796466003
2020-06-21,3097.74,0.09,0.0317460317460317,9303.6298828125,-0.008898543841786122
2020-06-28,3009.05,0.08,0.0125,9143.58203125,-0.01735241815845967
2020-07-05,3130.01,0.084,0.0172413793103448,9073.9423828125,-0.007645384308919034
2020-07-12,3185.04,0.09,-0.0149253731343283,9276.5,0.02207748896424988
2020-07-19,3224.73,0.094,0.0073529411764705,9185.8173828125,-0.009823614725187113
2020-07-26,3215.63,0.094,0.0620689655172413,9905.1669921875,0.07539583363167601
2020-08-02,3271.12,0.1,0.0,11053.6142578125,0.10970091724774811
2020-08-09,3351.28,0.1,0.04,11675.7392578125,0.05475566463830184
2020-08-16,3372.85,0.1,0.0071428571428571,11892.8037109375,0.0184203657437898
2020-08-23,3397.16,0.092,-0.0086206896551724,11664.84765625,-0.019353641534426202
2020-08-30,3508.01,0.088,0.1005917159763313,11711.505859375,0.003991919873529426
2020-09-06,3426.96,0.09,0.03125,10280.3515625,-0.13033730723119952
2020-09-13,3340.97,0.09,0.0,10323.755859375,0.004213175576261108
2020-09-20,3319.47,0.09,0.0,10938.271484375,0.05782015120520434
2020-09-27,3298.46,0.09,0.0956521739130434,10775.26953125,-0.015014134732378892
2020-10-04,3348.44,0.09,0.0,10669.5830078125,-0.009856666432952466
2020-10-11,3477.13,0.09,0.0064516129032258,11384.181640625,0.06482783269733616
2020-10-18,3483.81,0.09,-0.0378787878787878,11483.359375,0.008674160125879737
2020-10-25,3465.39,0.09,0.0,13031.173828125,0.12644549708987363
2020-11-01,3269.96,0.09,0.0106382978723404,13737.109375,0.052756410726352954
2020-11-08,3509.44,0.09,-0.0139860139860139,15479.5673828125,0.11942003653971867
2020-11-15,3585.15,0.09,0.0,15955.587890625,0.030288184922733663
2020-11-22,3557.54,0.086,0.0,18370.001953125,0.14090989970142154
2020-11-29,3638.35,0.08,0.0104166666666666,18177.484375,-0.010535299585921365
2020-12-06,3699.12,0.09,0.0068493150684931,19345.12109375,0.0622565418627552
2020-12-13,3663.46,0.09,-0.0072992700729927,19142.3828125,-0.01053537568819607
2020-12-20,3709.41,0.09,-0.0308370044052863,23477.294921875,0.20412890842925613
2020-12-27,3703.06,0.09,0.0206185567010309,26272.294921875,0.1124811783514712
2021-01-03,3756.07,0.09,0.0416666666666666,32782.0234375,0.2213653402993483
2021-01-10,3824.68,0.09,0.0054347826086956,38356.44140625,0.15704217814886512
2021-01-17,3768.25,0.09,-0.0144927536231884,35791.27734375,-0.0692182632627123
2021-01-24,3841.47,0.085,0.0,32289.37890625,-0.10296586438188626
2021-01-31,3714.24,0.076,0.0526315789473684,33114.359375,0.025228656565579044
2021-02-07,3886.83,0.08,0.0084745762711864,38903.44140625,0.16111570845129108
2021-02-14,3934.83,0.078,0.0129870129870129,48717.2890625,0.22495126389883424
2021-02-21,3906.71,0.075,0.0,57539.9453125,0.1664454290599977
2021-02-28,3811.15,0.07,-0.0181818181818181,45137.76953125,-0.2427600497738318
2021-03-07,3841.94,0.07,0.0294117647058823,51206.69140625,0.12615085711106033
2021-03-14,3943.34,0.07,0.0,59302.31640625,0.14677815270637318
2021-03-21,3913.1,0.07,0.0,57523.421875,-0.03045616592011058
2021-03-28,3974.54,0.07,0.0153846153846153,55950.74609375,-0.027720432142690044
2021-04-04,4019.87,0.068,0.0,58758.5546875,0.04896498444808017
2021-04-11,4128.8,0.07,0.0091743119266055,60204.96484375,0.024318067275608257
2021-04-18,4185.47,0.07,-0.0157480314960629,56216.18359375,-0.06855014165416407
2021-04-25,4180.17,0.07,0.0,49004.25390625,-0.13729757099174655
2021-05-02,4181.17,0.064,0.005813953488372,56631.078125,0.14465080924278872
2021-05-09,4232.6,0.06,0.0121951219512195,58232.31640625,0.027882547348657027
2021-05-16,4173.85,0.06,-0.0236220472440944,46456.05859375,-0.22593357600412212
2021-05-23,4155.86,0.06,-0.0985915492957746,34770.58203125,-0.28973520399690145
2021-05-30,4204.11,0.058,-0.0864197530864197,35678.12890625,0.02576618002224329
2021-06-06,4229.89,0.06,0.0,35862.37890625,0.005150939321318049
2021-06-13,4247.44,0.06,-0.0181818181818181,39097.859375,0.08637891336044667
2021-06-20,4166.45,0.076,-0.0177514792899408,35698.296875,-0.09096473698520313
2021-06-27,4280.7,0.1,-0.0113636363636363,34649.64453125,-0.029815514320059577
2021-07-04,4352.34,0.096,0.01,35287.78125,0.018249297047360002
2021-07-11,4369.55,0.1,0.0084745762711864,34240.1875,-0.03013673648231574
2021-07-18,4327.16,0.1,-0.0747663551401869,31796.810546875,-0.07403403982200807
2021-07-25,4411.79,0.1,-0.0084033613445378,35350.1875,0.10593770894241139
2021-08-01,4395.26,0.094,-0.0093457943925233,39974.89453125,0.12294792391845455
2021-08-08,4436.52,0.1,-0.0408163265306122,43798.1171875,0.09133920952288399
2021-08-15,4468.0,0.1,0.0163934426229508,47047.00390625,0.07155635520012105
2021-08-22,4441.67,0.094,-0.025,49321.65234375,0.04721599517225883
2021-08-29,4509.37,0.088,-0.0555555555555555,48829.83203125,-0.010021742044328263
2021-09-05,4535.43,0.076,-0.074074074074074,51753.41015625,0.0581488885137702
2021-09-12,4458.58,0.08,0.0,46063.26953125,-0.11647445066198614
2021-09-19,4432.99,0.08,0.0,47260.21875,0.025653024346542708
2021-09-26,4455.48,0.08,-0.0909090909090909,43208.5390625,-0.08963076119706237
2021-10-03,4357.04,0.076,0.0,48199.953125,0.10931990934470015
2021-10-10,4391.34,0.08,-0.0909090909090909,54771.578125,0.12781336351018524
2021-10-17,4471.37,0.08,-0.1818181818181818,61553.6171875,0.11673720712560431
2021-10-24,4544.9,0.08,0.0,60930.8359375,-0.01016923537791925
2021-10-31,4605.38,0.078,-0.0412371134020618,61318.95703125,0.00634966143258886
2021-11-07,4697.53,0.08,-0.0408163265306122,63326.98828125,0.03222254820445869
2021-11-14,4682.85,0.08,0.0163043478260869,65466.83984375,0.03323215907926169
2021-11-21,4697.96,0.08,-0.1029411764705882,58730.4765625,-0.10858496855388289
2021-11-28,4594.62,0.08,-0.074074074074074,57248.45703125,-0.025558093314066
2021-12-05,4538.43,0.078,0.1043478260869565,49368.84765625,-0.14808107962480932
2021-12-12,4712.02,0.08,-0.0116279069767441,50098.3359375,0.014668181691705584
2021-12-19,4620.64,0.08,-0.1733333333333333,46707.015625,-0.0700934118109462
2021-12-26,4725.79,0.08,0.0,50809.515625,0.0841892715879542
2022-01-02,4766.18,0.078,0.0,47345.21875,-0.07061781473099593
2022-01-09,4677.03,0.08,-0.1964285714285714,41911.6015625,-0.12190316222969244
2022-01-16,4662.85,0.08,-0.3396226415094339,43113.87890625,0.02828228612471051
2022-01-23,4397.94,0.08,-0.1596638655462184,36276.8046875,-0.17266641395481663
2022-01-30,4431.85,0.08,-0.081081081081081,37917.6015625,0.04423687774733942
2022-02-06,4500.53,0.08,-0.3071428571428571,42412.43359375,0.11202613893318691
2022-02-13,4418.64,0.08,-0.2926829268292683,42197.515625,-0.005080216522097558
2022-02-20,4348.87,0.08,-0.1956521739130435,38431.37890625,-0.093487062945524
2022-02-27,4384.65,0.08,-0.03862660944206,37709.78515625,-0.018954670925916517
2022-03-06,4328.87,0.08,-0.0646387832699619,38419.984375,0.01865813665906657
2022-03-13,4204.31,0.08,-0.0575539568345323,37849.6640625,-0.01495564630240942
2022-03-20,4463.12,0.18,-0.1666666666666666,41247.82421875,0.08597626082874399
2022-03-27,4543.06,0.33,-0.2105263157894736,46820.4921875,0.12672260916454547
2022-04-03,4545.86,0.33,-0.0181818181818181,46453.56640625,-0.007867732562358398
2022-04-10,4488.28,0.33,-0.0454545454545454,42207.671875,-0.0958512392751274
2022-04-17,4392.59,0.33,-0.2424242424242424,39716.953125,-0.060823875106656544
2022-04-24,4271.78,0.33,-0.25390625,39469.29296875,-0.006255151013752069
2022-05-01,4131.93,0.33,-0.1805555555555555,38469.09375,-0.025667817214753086
2022-05-08,4123.34,0.53,-0.2448979591836734,34059.265625,-0.12175304538274112
2022-05-15,4023.89,0.83,-0.0306513409961685,31305.11328125,-0.08432066596465937
2022-05-22,3901.36,0.83,0.0,30323.72265625,-0.03185111568441101
2022-05-29,4158.24,0.83,-0.0761904761904762,29445.95703125,-0.029373713934317536
2022-06-05,4108.54,0.83,-0.0909090909090909,29906.662109375,0.015524650396875117
2022-06-12,3900.86,0.83,-0.6235294117647059,26762.6484375,-0.1110740682260527
2022-06-19,3674.84,1.13,-0.1979434447300771,20553.271484375,-0.26398707578222336
2022-06-26,3911.74,1.58,-0.1214953271028037,21027.294921875,0.02280122736168444
2022-07-03,3825.33,1.58,0.0602409638554216,19297.076171875,-0.08586776120421113
2022-07-10,3899.38,1.58,-0.0445544554455445,20860.44921875,0.07790139352675673
2022-07-17,3863.16,1.58,-0.1414141414141414,20779.34375,-0.0038955799506084077
2022-07-24,3961.63,1.58,-0.0357142857142857,22609.1640625,0.08439590925531704
2022-07-31,4130.29,1.878,-0.1462829736211031,23336.896484375,0.03168033461527209
2022-08-07,4145.19,2.33,-0.1417004048582996,23175.890625,-0.00692310706181587
2022-08-14,4280.15,2.33,-0.25,24319.333984375,0.0481591300778792
2022-08-21,4228.48,2.33,0.088235294117647,21534.12109375,-0.12163296645970156
2022-08-28,4057.66,2.33,-0.1875,19616.814453125,-0.09325162602337933
2022-09-04,3924.26,2.33,-0.1276595744680851,19986.712890625,0.018680618574357766
2022-09-11,4067.36,2.33,-0.3137254901960784,21769.255859375,0.08543099542847443
2022-09-18,3873.33,2.33,-0.1300813008130081,19419.505859375,-0.11422067512672562
2022-09-25,3693.23,2.63,-0.1569506726457399,18802.09765625,-0.03230957653339672
2022-10-02,3585.62,3.08,-0.1322314049586777,19044.107421875,0.012789290964828837
2022-10-09,3639.66,3.08,-0.146551724137931,19446.42578125,0.020905556681006132
2022-10-16,3583.07,3.08,-0.1791044776119403,19268.09375,-0.009212734381168985
2022-10-23,3752.75,3.08,-0.1707988980716253,19567.0078125,0.015394318728684908
2022-10-30,3901.06,3.08,-0.084931506849315,20635.603515625,0.053173036894978765
2022-11-06,3770.55,3.38,-0.3666666666666666,20926.486328125,0.013997735105567344
2022-11-13,3992.93,3.83,-0.2162162162162162,16353.365234375,-0.2465819441689323
2022-11-20,3965.34,3.83,-0.0914927768860353,16291.83203125,-0.0037698210550125566
2022-11-27,4026.12,3.83,-0.0423452768729641,16444.626953125,0.009334915025490886
2022-12-04,4071.7,3.83,-0.2289377289377289,17130.486328125,0.040860907499325805
2022-12-11,3934.38,3.83,-0.1594936708860759,17104.193359375,-0.0015360432263253898
2022-12-18,3852.36,4.03,0.0396419437340153,16757.9765625,-0.020449301535785835
2022-12-25,3844.82,4.33,-0.0864197530864197,16841.986328125,0.0050005972304525415
2023-01-01,3839.5,4.33,0.056390977443609,16625.080078125,-0.012962551575178338
2023-01-08,3895.08,4.33,-0.1805157593123209,17091.14453125,0.027648062441681276
2023-01-15,3999.09,4.33,-0.1545189504373177,20880.798828125,0.2002695546332589
2023-01-22,3972.61,4.33,-0.2138554216867469,22720.416015625,0.0844338838976082
2023-01-29,4070.56,4.33,0.0380047505938242,23774.56640625,0.04535246665125925
2023-02-05,4136.48,4.43,-0.1408,22955.666015625,-0.035051579635615226
2023-02-12,4090.46,4.578,-0.2622641509433962,21788.203125,-0.05219610897749938
2023-02-19,4079.09,4.58,-0.1272365805168986,24327.642578125,0.11024457620648143
2023-02-26,3970.04,4.58,-0.3241379310344827,23561.212890625,-0.03201142009216795
2023-03-05,4045.64,4.572,-0.1358024691358024,22435.513671875,-0.048956703213683284
2023-03-12,3861.59,4.57,-0.0395778364116095,22163.94921875,-0.012178075327572202
2023-03-19,3916.64,4.58,-0.0297674418604651,28038.67578125,0.2351177751468274
2023-03-26,3970.99,4.68,-0.0677966101694915,27994.330078125,-0.0015828425301656068
2023-04-02,4109.31,4.83,0.0,28199.30859375,0.007295467231317687
2023-04-09,4105.02,4.83,-0.1875,28333.05078125,0.00473153565464024
2023-04-16,4137.64,4.83,-0.086021505376344,30315.35546875,0.06762536994597923
2023-04-23,4133.52,4.83,-0.0666666666666666,27591.384765625,-0.09415078746965122
2023-04-30,4169.48,4.83,-0.3793103448275862,29268.806640625,0.0590187513166196
2023-05-07,4136.25,4.93,-0.1314741035856573,28454.978515625,-0.02819919211402855
2023-05-14,4124.08,5.08,-0.1555555555555555,26930.638671875,-0.05505851448282861
2023-05-21,4191.98,5.08,-0.0697674418604651,26753.826171875,-0.006587124965923508
2023-05-28,4205.45,5.08,-0.0666666666666666,28085.646484375,0.048581146992317414
2023-06-04,4282.37,5.08,-0.0689655172413793,27119.06640625,-0.03502160663714271
2023-06-11,4298.86,5.08,0.0,25940.16796875,-0.044444383784528085
2023-06-18,4409.59,5.078,-0.21,26336.212890625,0.01515225395067965
2023-06-25,4348.33,5.07,0.0625,30480.26171875,0.14613440925723964
2023-07-02,4450.38,5.072,-0.0538461538461538,30620.76953125,0.004599204213146635
2023-07-09,4398.95,5.08,0.173469387755102,30171.234375,-0.014789555246471409
2023-07-16,4505.42,5.078,0.0238095238095238,30249.1328125,0.002578550389142009
2023-07-23,4536.34,5.08,0.0,30084.5390625,-0.005456129328958781
2023-07-30,4582.23,5.18,-0.1049382716049382,29275.30859375,-0.027266936749279935
2023-08-06,4478.03,5.33,-0.6153846153846154,29041.85546875,-0.008006369164835547
2023-08-13,4464.05,5.33,-0.3106796116504854,29282.9140625,0.008266126665926521
2023-08-20,4369.71,5.33,-0.0655737704918032,26189.583984375,-0.11164243426171794
2023-08-27,4405.71,5.33,-0.0185185185185185,26089.693359375,-0.003821427978214942
2023-09-03,4515.77,5.33,-0.0588235294117647,25969.56640625,-0.004615016305448805
2023-09-10,4457.49,5.33,-0.2105263157894736,25832.2265625,-0.0053025255565515295
2023-09-17,4450.32,5.33,-0.1481481481481481,26534.1875,0.026811191843643556
2023-09-24,4320.06,5.33,-0.2727272727272727,26256.826171875,-0.010507996000381326
2023-10-01,4288.05,5.33,-0.1489361702127659,27983.75,0.06369798468521104
2023-10-08,4308.5,5.33,-0.0123456790123456,27935.08984375,-0.001740385482543516
2023-10-15,4327.78,5.33,0.0384615384615384,27159.65234375,-0.02815109677259464
2023-10-22,4224.16,5.33,-0.2133333333333333,29993.896484375,0.09926140813764128
2023-10-29,4117.37,5.33,0.0526315789473684,34538.48046875,0.14108016793109535
2023-11-05,4358.34,5.33,-0.0413223140495867,35049.35546875,0.01468314602926668
2023-11-12,4415.24,5.33,0.0416666666666666,37054.51953125,0.055633104548878265
2023-11-19,4514.02,5.33,0.1739130434782608,37386.546875,0.008920601533308314
2023-11-26,4559.34,5.33,0.3833333333333333,37479.12109375,0.002473076603589419
2023-12-03,4594.63,5.33,0.0652173913043478,39978.390625,0.06455506667117383
2023-12-10,4604.37,5.33,0.1333333333333333,43779.69921875,0.09083114802240289
2023-12-17,4719.19,5.33,0.0606060606060606,41364.6640625,-0.05674323047120211
2023-12-24,4754.63,5.33,0.0,43016.1171875,0.03914787246971052
2023-12-31,4769.83,5.33,-0.0307692307692307,42265.1875,-0.01761110711482239
2024-01-07,4697.24,5.33,-0.3103448275862069,43943.09765625,0.03893180521702355
2024-01-14,4783.83,5.33,0.0,41796.26953125,-0.050088471998677164
2024-01-21,4839.81,5.33,-0.2222222222222222,41545.78515625,-0.006011014010951499
2024-01-28,4890.97,5.33,-0.2727272727272727,42035.59375,0.011720653748065857
2024-02-04,4958.61,5.33,0.0,42583.58203125,0.012952051041519752
2024-02-11,5026.61,5.33,0.0175438596491228,48293.91796875,0.12583685009480128
2024-02-18,5005.57,5.33,0.0930232558139534,52122.546875,0.07629198590373854
2024-02-25,5088.8,5.33,-0.064516129032258,51733.23828125,-0.007497134929028704
2024-03-03,5137.08,5.33,-0.0405405405405405,63167.37109375,0.1996874059397875
2024-03-10,5123.69,5.33,-0.125,69019.7890625,0.08860537381368161
2024-03-17,5117.09,5.33,0.010204081632653,68390.625,-0.009157507654595776
2024-03-24,5234.18,5.33,0.0393700787401574,67234.171875,-0.017054125504895268
2024-03-31,5254.35,5.33,-0.0555555555555555,71333.6484375,0.05918651536578956
2024-04-07,5204.34,5.33,-0.0229885057471264,69362.5546875,-0.028020979610060337
2024-04-14,5123.41,5.33,-0.0864197530864197,65738.7265625,-0.05365896685045435
2024-04-21,4967.23,5.33,-0.0769230769230769,64926.64453125,-0.012430110296227426
2024-04-28,5099.96,5.33,-0.0256410256410256,63113.23046875,-0.028327664743246217
2024-05-05,5127.79,5.33,0.0434782608695652,64031.1328125,0.014438993084315399
2024-05-12,5222.68,5.33,-0.1384615384615384,61448.39453125,-0.04117170602962261
2024-05-19,5303.27,5.33,0.0,66278.3671875,0.07566584793718079
2024-05-26,5304.72,5.33,-0.0625,68518.09375,0.03323429554049895
2024-06-02,5277.51,5.33,0.0227272727272727,67751.6015625,-0.01124975394520078
2024-06-09,5346.99,5.33,0.12,69647.9921875,0.027605773859431082
2024-06-16,5431.6,5.33,0.0185185185185185,66639.046875,-0.04416317747846499
2024-06-23,5464.62,5.33,-0.0833333333333333,63180.796875,-0.053290287092838895
2024-06-30,5460.48,5.33,0.0588235294117647,62678.29296875,-0.007985225016351905
2024-07-07,5567.19,5.33,0.0476190476190476,55849.109375,-0.1153616043953356
2024-07-14,5615.35,5.33,0.5333333333333333,60787.79296875,0.08473541661837913
2024-07-21,5505.0,5.33,0.046875,68154.5234375,0.11438853539058869
2024-07-28,5459.1,5.33,0.0769230769230769,68255.8671875,0.0014858658227030475
2024-08-04,5346.56,5.33,0.0924855491329479,58116.9765625,-0.16080557974236953
2024-08-11,5344.16,5.33,-0.03125,58719.484375,0.010313786442964101
2024-08-18,5554.25,5.33,0.0,58483.96484375,-0.004018991758943713
2024-08-25,5634.61,5.33,0.0595238095238095,64333.54296875,0.09532854738401042
2024-09-01,5648.4,5.33,-0.0238095238095238,57325.48828125,-0.11533581233390144
2024-09-08,5408.42,5.33,0.0114942528735632,54841.56640625,-0.04429692898637683
2024-09-15,5626.02,5.33,0.2075471698113207,59182.8359375,0.07618314887015032
2024-09-22,5702.55,5.13,-0.0055555555555555,63648.7109375,0.07274750607875191
2024-09-29,5738.17,4.83,-0.0403225806451612,65635.3046875,0.030734659952667442
2024-10-06,5751.07,4.83,-0.0283018867924528,62818.953125,-0.04385690309957546
2024-10-13,5815.03,4.83,0.0454545454545454,62851.375,0.0005159829882384059
2024-10-20,5864.67,4.83,0.0,69001.703125,0.09335837498062816
2024-10-27,5808.12,4.83,0.037037037037037,67929.296875,-0.01566377484270376
2024-11-03,5728.8,4.83,0.0,68741.1171875,0.011880111232649426
2024-11-10,5995.54,4.78,0.0416666666666666,80474.1875,0.1575889571771043
2024-11-17,5870.62,4.58,0.0188679245283018,89845.8515625,0.11015896063179476
2024-11-24,5969.34,4.58,-0.0833333333333333,98013.8203125,0.08701305086211875
2024-12-01,6032.38,4.58,0.0,97279.7890625,-0.0075172424633471735
2024-12-08,6090.27,4.58,-0.0192307692307692,101236.015625,0.039863329302356476
2024-12-15,6051.09,4.58,-0.0338983050847457,104298.6953125,0.029804273776367296
2024-12-22,5930.85,4.48,0.0,95104.9375,-0.09227796570379887
2024-12-29,5970.84,4.33,0.0,93530.2265625,-0.016696224441552943
2025-01-05,5942.47,4.33,0.0,98314.9609375,0.04989154949695873
2025-01-12,5827.04,4.33,-0.0117647058823529,94488.4375,-0.039698739775181124
2025-01-19,5996.66,4.33,0.0,101089.609375,0.06752987251110731
2025-01-26,6101.24,4.33,-0.1904761904761904,102682.5,0.01563435816635561
2025-02-02,6040.53,4.33,-0.0518134715025906,97688.9765625,-0.04985297996327276
2025-02-09,6025.99,4.33,-0.0091743119266055,96500.09375,-0.012244743383551082
2025-02-16,6114.63,4.33,-0.275,96175.03125,-0.0033742062802382122
2025-02-23,6013.13,4.33,-0.119047619047619,96273.921875,0.0010277076814197983
2025-03-02,5954.5,4.33,0.0,94248.3515625,-0.021264145126124845
